insert into Movie (id, title, year, description)
values (0133093, 'The Matrix', 1999,
        'When a beautiful stranger leads computer hacker Neo to a forbidding underworld, he discovers the shocking truth--the life he knows is the elaborate deception of an evil cyber-intelligence.'),
       (0266697, 'Kill Bill: Vol. 1', 2003,
        'After awakening from a four-year coma, a former assassin wreaks vengeance on the team of assassins who betrayed her.'),
       (0073486, 'One Flew Over the Cuckoo''s Nest', 1975,
        'In the Fall of 1963, a Korean War veteran and criminal pleads insanity and is admitted to a mental institution, where he rallies up the scared patients against the tyrannical nurse.'),
       (0241527, 'Harry Potter and the Sorcerer''s Stone', 2001,
        'An orphaned boy enrolls in a school of wizardry, where he learns the truth about himself, his family and the terrible evil that haunts the magical world.'),
       (0068646, 'The Godfather', 1972,
        'Don Vito Corleone, head of a mafia family, decides to hand over his empire to his youngest son Michael. However, his decision unintentionally puts the lives of his loved ones in grave danger.'),
       (0111161, 'The Shawshank Redemption', 1994,
        'Over the course of several years, two convicts form a friendship, seeking consolation and, eventually, redemption through basic compassion.'),
       (0825232, 'The Bucket List', 2007,
        'Two terminally ill men escape from a cancer ward and head off on a road trip with a wish list of to-dos before they die.'),
       (0109686, 'Dumb and Dumber', 1994,
        'After a woman leaves a briefcase at the airport terminal, a dumb limo driver and his dumber friend set out on a hilarious cross-country road trip to Aspen to return it.'),
       (1659337, 'The Perks of Being a Wallflower', 2012,
        'Charlie, a 15-year-old introvert, enters high school and is nervous about his new life. When he befriends his seniors, he learns to cope with his friend''s suicide and his tumultuous past.'),
       (0468569, 'The Dark Knight', 2008,
        'When the menace known as the Joker wreaks havoc and chaos on the people of Gotham, Batman must accept one of the greatest psychological and physical tests of his ability to fight injustice.'),
       (0110912, 'Pulp Fiction', 1994,
        'The lives of two mob hitmen, a boxer, a gangster and his wife, and a pair of diner bandits intertwine in four tales of violence and redemption.'),
       (0120737, 'The Lord of the Rings: The Fellowship of the Ring', 2001,
        'A meek Hobbit from the Shire and eight companions set out on a journey to destroy the powerful One Ring and save Middle-earth from the Dark Lord Sauron.'),
       (0137523, 'Fight Club', 1999,
        'An insomniac office worker and a devil-may-care soap maker form an underground fight club that evolves into much more.'),
       (1375666, 'Inception', 2010,
        'A thief who steals corporate secrets through the use of dream-sharing technology is given the inverse task of planting an idea into the mind of a C.E.O., but his tragic past may doom the project and his team to disaster.'),
       (0816692, 'Interstellar', 2014,
        'When Earth becomes uninhabitable in the future, a farmer and ex-NASA pilot, Joseph Cooper, is tasked to pilot a spacecraft, along with a team of researchers, to find a new planet for humans.'),
       (0103064, 'Terminator 2: Judgment Day', 1991,
        'A cyborg, identical to the one who failed to kill Sarah Connor, must now protect her ten year old son John from an even more advanced and powerful cyborg.'),
       (0120586, 'American History X', 1998,
        'Living a life marked by violence, neo-Nazi Derek finally goes to prison after killing two black youths. Upon his release, Derek vows to change; he hopes to prevent his brother, Danny, who idolizes Derek, from following in his footsteps.'),
       (0482571, 'The Prestige', 2006,
        'After a tragic accident, two stage magicians in 1890s London engage in a battle to create the ultimate illusion while sacrificing everything they have to outwit each other.'),
       (0102926, 'The Silence of the Lambs', 1991,
        'A young F.B.I. cadet must receive the help of an incarcerated and manipulative cannibal killer to help catch another serial killer, a madman who skins his victims.'),
       (0172811, 'Moj ata, socialistični kulak', 1987,
        'Year 1945. The second World War is over and the soldiers from the disbanded army are returning home. Yet there is still no sign of Joze Malek. His wife Mimika and their children Tincek and olga know only that he had deserted the German army and gone over to the Soviet Red Army.');

insert into Actor (id, firstName, lastName, bornDate)
values (0000206, 'Keanu', 'Reeves', '1964-09-02'),
       (0000401, 'Laurence', 'Fishburne', '1961-07-30'),
       (0005251, 'Carrie-Anne', 'Moss', '1967-08-21'),
       (0000235, 'Uma', 'Thurman', '1970-05-29'),
       (0000197, 'Jack', 'Nicholson', '1937-05-22'),
       (0705356, 'Daniel', 'Radcliffe', '1989-07-23'),
       (0000008, 'Marlon', 'Brando', '1924-07-01'),
       (0000199, 'Al', 'Pacino', '1940-05-25'),
       (0000151, 'Morgan', 'Freeman', '1937-06-01'),
       (0000120, 'Jim', 'Carrey', '1962-01-17'),
       (0914612, 'Emma', 'Watson', '1990-05-15'),
       (0000288, 'Christian', 'Bale', '1974-01-30'),
       (0005132, 'Heath', 'Ledger', '1979-04-04'),
       (0000237, 'John', 'Travolta', '1954-02-18'),
       (0000704, 'Elijah', 'Wood', '1981-01-28'),
       (0000093, 'Brad', 'Pitt', '1963-12-18'),
       (0000138, 'Leonardo', 'DiCaprio', '1974-11-11'),
       (0000190, 'Matthew', 'McConaughey', '1969-11-04'),
       (0000216, 'Arnold', 'Schwarzenegger', '1947-07-30'),
       (0001570, 'Edward', 'Norton', '1969-08-18'),
       (0413168, 'Hugh', 'Jackman', '1968-10-12'),
       (0000164, 'Anthony', 'Hopkins', '1937-12-31'),
       (0000149, 'Jodie', 'Foster', '1962-11-19');

insert into MovieActor (movieId, actorId)
values (0133093, 0000206),
       (0133093, 0000401),
       (0133093, 0005251),
       (0266697, 0000235),
       (0073486, 0000197),
       (0241527, 0705356),
       (0241527, 0914612),
       (0068646, 0000008),
       (0068646, 0000199),
       (0111161, 0000151),
       (0825232, 0000151),
       (0109686, 0000120),
       (1659337, 0914612),
       (0468569, 0000288),
       (0468569, 0005132),
       (0110912, 0000237),
       (0110912, 0000235),
       (0120737, 0000704),
       (0137523, 0000093),
       (0137523, 0001570),
       (1375666, 0000138),
       (0816692, 0000190),
       (0103064, 0000216),
       (0120586, 0001570),
       (0482571, 0413168),
       (0482571, 0000288),
       (0102926, 0000164),
       (0102926, 0000149);

-- mock values, not real pictures, obviously
insert into Picture(movie_id, picture)
values (68646, 1),
       (68646, 2),
       (68646, 3);

-- one row entity, id is always 1
insert into RequestCounters(id, actorGet, actorPost, actorGetPage, actorGetId, actorPut, actorDelete, movieActorGet,
                            movieActorPost, movieActorGetId, movieActorPut, movieActorDelete, movieGet, moviePost,
                            movieGetPage, movieSearch, movieGetId, moviePut, movieDelete, pictureGet, picturePost,
                            pictureGetId, pictureGetDirectId, picturePut, pictureDelete)
values (1, 0, 0, 0, 0, 0, 0, 0, 0, 0, 0, 0, 0, 0, 0, 0, 0, 0, 0, 0, 0, 0, 0, 0, 0);